,word1,word2,prediction
0,abandon,frost,-0.0006972009432502091
1,abandon,railroad,-0.0009443218004889786
2,abortion,religion,-0.0006342186825349927
3,abstract,candle,-0.0010901469504460692
4,abstract,frog,-0.0015589246759191155
5,abstract,moon,-0.0010335234692320228
6,abstract,rally,-0.0011149793863296509
7,abuse,abuse,-0.0
8,abuse,disorder,-0.0005579641438089311
9,accommodate,adjust,-0.0006527210935018957
10,accommodation,accommodation,-0.0
11,accompany,walking,-0.0007401251350529492
12,account,explanation,-0.0009504000190645456
13,account,invoice,-0.0025495062582194805
14,act,improvement,-0.0007324103498831391
15,action,adjustment,-0.0007393033592961729
16,action,entrance,-0.0008408705471083522
17,activity,solo,-0.0008530408376827836
18,activity,variation,-0.0006626987596973777
19,actor,amateur,-0.000678494106978178
20,ad,track,-0.0008450719178654253
21,add,increased,-0.0017885365523397923
22,add,string,-0.0008102133288048208
23,addition,segment,-0.0006906717899255455
24,admitting,confess,-0.0007078251801431179
25,adult,dentist,-0.000749483413528651
26,advance,advance,-0.0
27,advance,string,-0.0008989935158751905
28,advice,recommendation,-0.0007099168142303824
29,advised,murder,-0.0007608954911120236
30,aerial,clown,-0.0010385296773165464
31,africa,territory,-0.0007876933668740094
32,age,history,-0.000639664416667074
33,agency,police,-0.0007116086198948324
34,aim,intending,-0.0010050444398075342
35,air,cold,-0.0014937510713934898
36,air,plasma,-0.0007225304143503308
37,air,satellite,-0.0005707981763407588
38,aircraft,fleet,-0.0012425045715644956
39,aircraft,flight,-0.0003731683536898345
40,aircraft,yacht,-0.0014900077367201447
41,airplane,plane,-0.0009961712639778852
42,ale,bitter,-0.0005665533826686442
43,alley,street,-0.0003587761602830142
44,aluminum,component,-0.0008114883676171303
45,aluminum,imperative,-0.0015475519467145205
46,american,lobster,-0.0006202753866091371
47,ammunition,intolerable,-0.0023652203381061554
48,amount,number,-0.0006594762671738863
49,amounted,make,-0.000565340684261173
50,amusement,athletics,-0.0008306727977469563
51,amusement,procedure,-0.001207149587571621
52,anatomy,palm,-0.0007559997611679137
53,ancient,city,-0.0010199802927672863
54,angel,asphalt,-0.0010948190465569496
55,angel,pod,-0.0008501394186168909
56,angrier,stormy,-0.0023772427812218666
57,animal,asia,-0.0010695066303014755
58,animal,flora,-0.0006803835858590901
59,animal,giraffe,-0.0030428534373641014
60,animal,mural,-0.0009927747305482626
61,animal,wild,-0.0004517077759373933
62,animal,worm,-0.0006900139269419014
63,animal,zoo,-0.00045799737563356757
64,anniversary,marriage,-0.0012427051551640034
65,answering,counter,-0.0009465923067182302
66,anxiety,insecurities,-0.0028859879821538925
67,apartment,staircase,-0.0007192496559582651
68,appliance,dryer,-0.0011922488920390606
69,appreciate,see,-0.0009018375421874225
70,approach,avenue,-0.0011986667523160577
71,approach,merit,-0.0010342448949813843
72,approach,trench,-0.0008938044193200767
73,approval,encouragement,-0.0006570146069861948
74,approving,interaction,-0.0016372890677303076
75,aquarium,coin,-0.0008666179492138326
76,arch,brick,-0.0006954873679205775
77,arch,roof,-0.0008062582928687334
78,architecture,urban,-0.0008211187669076025
79,area,space,-0.0015915462281554937
80,argument,evidence,-0.0008918463718146086
81,arm,bicycle,-0.0007761367596685886
82,arm,television,-0.0007614778587594628
83,arrange,discard,-0.0021583191119134426
84,arrange,study,-0.0009514154517091811
85,arrangement,blizzard,-0.000989181105978787
86,arrangement,room,-0.0008112912182696164
87,art,craft,-0.0009625926031731069
88,art,gem,-0.0010547712445259094
89,art,museum,-0.0006710429443046451
90,art,painting,-0.0005224118940532207
91,article,cup,-0.0007450366392731667
92,article,girl,-0.0008533549844287336
93,ash,bone,-0.0006094583659432828
94,ash,coil,-0.0017163673182949424
95,asphalt,crane,-0.0006017168052494526
96,asphalt,water,-0.0008409757283516228
97,assets,exclude,-0.0007542644161731005
98,association,organization,-0.00047776452265679836
99,association,realtor,-0.001909061218611896
100,asylum,dollar,-0.0008238050504587591
101,asylum,shelter,-0.0006270240410231054
102,athletics,racing,-0.0006768577732145786
103,athletics,swimming,-0.0007231615600176156
104,attempt,give,-0.0006578720058314502
105,attempt,initiate,-0.0006986350053921342
106,attitude,notice,-0.0008212995016947389
107,attitude,study,-0.000983918784186244
108,attorney,lawyer,-0.00109203124884516
109,auto,bright,-0.002047700807452202
110,automobile,fabric,-0.000580285326577723
111,automobile,racing,-0.0007112677558325231
112,autumn,foliage,-0.0006569981342181563
113,autumn,hat,-0.0006631751311942935
114,autumn,sunshine,-0.0005670250975526869
115,autumn,winter,-0.000426554266596213
116,award,citation,-0.0005640179151669145
117,baby,treat,-0.0005513235810212791
118,back,lumbar,-0.002912757219746709
119,back,shifting,-0.0006708930595777929
120,bacon,bread,-0.0006131664267741144
121,bacon,pepper,-0.0006236590561456978
122,bacon,salad,-0.0007473315927200019
123,bacon,tomato,-0.000572296732570976
124,bacon,wild,-0.0006631381693296134
125,bag,cop,-0.0007813587435521185
126,bag,flag,-0.0007310285000130534
127,bakery,cake,-0.0005700215115211904
128,bakery,vehicle,-0.0012131562689319253
129,balance,gauge,-0.0012148782843723893
130,banana,salad,-0.000613691343460232
131,band,guitar,-0.00044324444024823606
132,band,metal,-0.0006366258021444082
133,band,play,-0.0006834532832726836
134,band,uniform,-0.0007554420153610408
135,band,vinyl,-0.0008059059618972242
136,bank,smell,-0.0006805579178035259
137,bankruptcy,enterprise,-0.0007663025753572583
138,bar,diner,-0.0005505873705260456
139,bar,ship,-0.0009080813615582883
140,bar,stair,-0.0007585101993754506
141,bar,sushi,-0.0020517688244581223
142,barn,food,-0.0010743163293227553
143,barrel,gallon,-0.0007373659173026681
144,base,club,-0.0008187593193724751
145,baseball,born,-0.0006932140095159411
146,baseball,cactus,-0.0006830322672612965
147,baseball,game,-0.0010539990616962314
148,baseball,hockey,-0.0003711538447532803
149,baseball,season,-0.0005621827440336347
150,basket,dinner,-0.0007313672685995698
151,basketball,lesson,-0.0009344365680590272
152,basketball,squash,-0.0007857710006646812
153,bat,bats,-0.000373616989236325
154,bath,bedroom,-0.0006629368290305138
155,bath,floor,-0.0007395641878247261
156,bath,hot,-0.0008818103233352304
157,bath,sleep,-0.0007140901288948953
158,bathroom,chamber,-0.0007535095210187137
159,bay,curve,-0.001742691732943058
160,bay,harbour,-0.0009054065449163318
161,beach,cliff,-0.0005249775713309646
162,beach,pebble,-0.0025100072380155325
163,bead,chess,-0.0016639180248603225
164,bead,gold,-0.0018458314007148147
165,bead,redhead,-0.0020652255043387413
166,beam,column,-0.001140704844146967
167,beard,hair,-0.0007962107774801552
168,beat,meter,-0.0007659641560167074
169,bed,candy,-0.0008666013600304723
170,bed,floor,-0.0005531890783458948
171,bed,furniture,-0.0006551293772645295
172,bed,layer,-0.0008056448423303664
173,bed,pillow,-0.0005942354327999055
174,bed,relax,-0.0009775168728083372
175,bed,sitting,-0.000891751900780946
176,bed,staircase,-0.0006998806493356824
177,bedroom,canyon,-0.0006505126948468387
178,bedroom,ceiling,-0.0012625922681763768
179,bedroom,cell,-0.0011741520138457417
180,bedroom,construction,-0.000897033023647964
181,bedroom,door,-0.0013234498910605907
182,bedroom,downtown,-0.0008594223763793707
183,bedroom,room,-0.0006361088599078357
184,bedroom,stair,-0.0010209527099505067
185,bedroom,staircase,-0.000796980457380414
186,beef,chicken,-0.0004034082521684468
187,beef,lamb,-0.0005797588964924216
188,beef,pepper,-0.0004835446015931666
189,beef,potato,-0.000426862679887563
190,beer,patio,-0.0006764638237655163
191,beer,wild,-0.0007696424727328122
192,being,characters,-0.0017466507852077484
193,believe,week,-0.0012795989168807864
194,belly,black,-0.0006374576478265226
195,belly,dance,-0.0011886601569131017
196,belly,dark,-0.0007946948171593249
197,belly,field,-0.001236804760992527
198,belly,stripe,-0.0006302505498751998
199,bench,game,-0.0009368032915517688
200,benefited,get,-0.0005514678778126836
201,bent,double,-0.0012809173204004765
202,bent,inclination,-0.0006610248237848282
203,berlin,germany,-0.0007530268630944192
204,berry,blossom,-0.0005344272940419614
205,berry,bright,-0.000700978736858815
206,berry,dessert,-0.0006435671239160001
207,berry,ivy,-0.0005159111460670829
208,berry,raspberry,-0.0030314286705106497
209,berry,seed,-0.0006392814102582633
210,berry,sweet,-0.0005603444878943264
211,bias,prejudice,-0.0011382314842194319
212,bible,misty,-0.0010015482548624277
213,bicycle,green,-0.0008833892061375082
214,bigger,large,-0.0004570357268676162
215,bike,chopper,-0.0006154250004328787
216,bikini,ivy,-0.0010807330254465342
217,bin,cup,-0.0007345564081333578
218,bird,cock,-0.0006266161217354238
219,bird,dragonfly,-0.0024555870331823826
220,bird,flamingo,-0.002062831539660692
221,bird,goose,-0.0005416655330918729
222,bird,insect,-0.0004559119406621903
223,bird,reptile,-0.002487604273483157
224,bird,shade,-0.0007709243800491095
225,bird,solid,-0.0007779553416185081
226,bishop,priest,-0.00038198879337869585
227,bishop,radical,-0.0009087398066185415
228,bishop,wine,-0.0009020426077768207
229,bit,curb,-0.000832011632155627
230,bit,tool,-0.0007085068500600755
231,bitter,taste,-0.0010533431777730584
232,black,blue,-0.00042505760211497545
233,black,bright,-0.0004784308548551053
234,black,brown,-0.0003967545635532588
235,black,cigarette,-0.0006502622272819281
236,black,juvenile,-0.0005861393292434514
237,black,skirt,-0.0007085191900841892
238,black,white,-0.0003213112649973482
239,blast,smashing,-0.0010706715984269977
240,blaze,pig,-0.000728598446585238
241,blessing,patronage,-0.0006603061337955296
242,blizzard,rash,-0.0008227941580116749
243,block,hinder,-0.0013323923340067267
244,blonde,haircut,-0.00208525569178164
245,blonde,wig,-0.0005930431070737541
246,bloom,flower,-0.0006690880400128663
247,bloom,friend,-0.0007305854232981801
248,bloom,plant,-0.0005563783342950046
249,bloom,purple,-0.0005327731487341225
250,blossom,bud,-0.00047951171291060746
251,blossom,cherry,-0.0008207203354686499
252,blossom,daisy,-0.0005648484802804887
253,blossom,foliage,-0.0005739558837376535
254,blossom,orange,-0.0006685010157525539
255,blossom,petal,-0.0022152240853756666
256,blossom,purple,-0.0006199968047440052
257,blow,contact,-0.0007782730390317738
258,blow,swat,-0.0006640031933784485
259,blowing,smoking,-0.0005904525751248002
260,blue,colour,-0.00110405043233186
261,blue,happy,-0.0005669585079886019
262,blue,report,-0.0010567239951342344
263,blue,shade,-0.0006177703617140651
264,blue,skirt,-0.0007521857041865587
265,blues,rhythm,-0.0005181125598028302
266,blur,focus,-0.0008037263178266585
267,blur,metro,-0.0007675914675928652
268,board,deal,-0.0006824152660556138
269,boardwalk,park,-0.0006528847734443843
270,boast,complain,-0.0020748209208250046
271,boat,negro,-0.0007399749010801315
272,boat,shore,-0.0007005322840996087
273,bold,forward,-0.0010696485405787826
274,bold,leader,-0.000770135666243732
275,bone,skull,-0.0005999153945595026
276,book,building,-0.0007222113781608641
277,book,smoking,-0.0010114843025803566
278,booklet,reference,-0.0008572671213187277
279,boot,kick,-0.0010133208706974983
280,boot,punch,-0.0010925790993496776
281,bootleg,produce,-0.0025775746908038855
282,bootleg,whiskey,-0.0026601466815918684
283,born,construction,-0.0007711381767876446
284,born,mother,-0.0006500119343400002
285,born,subway,-0.0007283950108103454
286,bottle,wine,-0.0006286390125751495
287,bound,line,-0.0008848863653838634
288,bound,skirt,-0.0012052208185195923
289,bowling,wheel,-0.0010667982278391719
290,boxer,stair,-0.0008913942729122937
291,boxing,hit,-0.0007706958567723632
292,boy,hand,-0.0006374265649355948
293,boy,live,-0.0012824238510802388
294,bracelet,jewelry,-0.0004937805933877826
295,bracelet,mountain,-0.0007197319064289331
296,brain,head,-0.0010322266025468707
297,brake,click,-0.0010446410160511732
298,branch,tea,-0.0009024530882015824
299,brass,executive,-0.0009782480774447322
300,brazil,nut,-0.0014610403450205922
301,brazil,triple,-0.001307235797867179
302,bread,bun,-0.0006544236093759537
303,bread,cooking,-0.0005402801907621324
304,bread,cover,-0.0009220482897944748
305,bread,dessert,-0.0006036873091943562
306,bread,egg,-0.0006488840444944799
307,bread,medicine,-0.0007627200102433562
308,break,glittering,-0.000959067780058831
309,break,scattered,-0.0008678598096594214
310,breakfast,diner,-0.000600043626036495
311,breakfast,evening,-0.0005960915586911142
312,breakfast,lunch,-0.0006148539832793176
313,breakfast,makeup,-0.0008171859662979841
314,breakfast,morning,-0.0008176527917385101
315,breakfast,people,-0.0008776113972999156
316,breakfast,relax,-0.0008124525775201619
317,brick,cement,-0.0007094510365277529
318,brick,construction,-0.0007580167730338871
319,brick,skyscraper,-0.0009104736964218318
320,bride,photographer,-0.0008002436952665448
321,bright,dark,-0.000535441969987005
322,bright,fruit,-0.0007240231498144567
323,bright,mist,-0.0006936960271559656
324,bright,raspberry,-0.0029843645170331
325,bright,shade,-0.0006030178628861904
326,bright,sky,-0.0008450756431557238
327,bring,presenting,-0.0008184243342839181
328,bring,return,-0.0006613433361053467
329,broadcast,packet,-0.0007193073979578912
330,bronze,sculpture,-0.0007640267140232027
331,bronze,suspicion,-0.0008685443899594247
332,brown,green,-0.0005037953378632665
333,brown,hawk,-0.001082632807083428
334,brown,purple,-0.0004352730175014585
335,brown,white,-0.0003354526124894619
336,brussels,sweden,-0.0006082533509470522
337,bucket,water,-0.0007137431530281901
338,bud,flower,-0.0007793068652972579
339,bud,ivy,-0.0005295122973620892
340,budget,fund,-0.0009802267886698246
341,budget,scale,-0.000856658152770251
342,bug,insect,-0.0009704203112050891
343,building,cafe,-0.0008093176293186843
344,building,construction,-0.00043593431473709643
345,building,downtown,-0.000564208603464067
346,building,floor,-0.0005687666707672179
347,building,ministry,-0.0007150454912334681
348,building,tall,-0.0010124314576387405
349,building,zombie,-0.0009646833059377968
350,burger,cooking,-0.0005918576498515904
351,burger,dessert,-0.0005162627203390002
352,burger,salad,-0.0005704788491129875
353,burger,soup,-0.0005591537919826806
354,burn,fire,-0.0007872703718021512
355,burn,ripple,-0.0007725754985585809
356,bus,rail,-0.000747787591535598
357,business,railway,-0.000880939478520304
358,butter,stick,-0.0010919853812083602
359,butterfly,caterpillar,-0.0027351011522114277
360,butterfly,dragonfly,-0.0022356987465173006
361,butterfly,glittering,-0.00067663419758901
362,button,sticker,-0.0015891712391749024
363,cafe,child,-0.0007697473047301173
364,cafe,coffee,-0.0007354342960752547
365,cafe,dinner,-0.0006097473669797182
366,cafe,donut,-0.002039490267634392
367,cafe,lunch,-0.0007872768910601735
368,cafe,pub,-0.0006516689900308847
369,cafe,reflection,-0.0015053879469633102
370,cafe,relax,-0.0007470217533409595
371,cafe,shop,-0.0006972196279093623
372,cafe,spiral,-0.0008736061281524599
373,cake,christmas,-0.0009815848898142576
374,call,meeting,-0.0011440978851169348
375,call,statement,-0.000768422381952405
376,call,telephone,-0.0008273339481092989
377,camel,desert,-0.0005522420979104936
378,camp,camp,-0.0
379,campaign,conspiracy,-0.0005830053123645484
380,can,sketch,-0.0008849889854900539
381,candidate,republic,-0.0007353750406764448
382,canine,dog,-0.0005590456421487033
383,canyon,landscape,-0.0009408434852957726
384,canyon,river,-0.0004509854188654572
385,car,insurance,-0.0008642175234854221
386,car,pig,-0.001192212221212685
387,car,skull,-0.001190596492961049
388,card,playing,-0.0013619705568999052
389,card,see,-0.0018914854153990746
390,carrier,carrier,-0.0
391,carrier,traveler,-0.0010630822507664561
392,carrier,vehicle,-0.0006639243219979107
393,carrot,memorial,-0.0015732781030237675
394,carrot,salad,-0.0008335678721778095
395,cart,wagon,-0.0007116449414752424
396,cartoon,wit,-0.0011374949244782329
397,case,clients,-0.0007775321719236672
398,cast,cast,-0.0
399,cast,shoot,-0.0006211306899785995
400,castle,patio,-0.0007679059053771198
401,castle,ruin,-0.0005628103972412646
402,cat,garden,-0.0007509589777328074
403,catch,catching,-0.0005524782463908195
404,catch,hooks,-0.0006326183793134987
405,catching,perceive,-0.0010585677810013294
406,catching,playing,-0.0007858098251745105
407,category,flavor,-0.0009138569002971053
408,catering,loan,-0.0008214173140004277
409,caterpillar,paint,-0.00233695306815207
410,cathedral,step,-0.0006751802284270525
411,cattle,goat,-0.0007612566114403307
412,cattle,web,-0.0011847231071442366
413,cautious,film,-0.0013629127060994506
414,ceiling,marble,-0.0005474681383930147
415,ceiling,mug,-0.0014659696025773883
416,ceiling,room,-0.0008231232059188187
417,ceiling,staircase,-0.0007397816516458988
418,ceiling,wall,-0.0005511521594598889
419,cell,membrane,-0.00034145271638408303
420,cemetery,grave,-0.0005287782405503094
421,cemetery,memorial,-0.0004921772051602602
422,center,center,-0.0
423,center,refer,-0.0008487419108860195
424,century,period,-0.0006358067621476948
425,century,temperature,-0.0009501359891146421
426,ceramic,floor,-0.0007348121143877506
427,chance,fortune,-0.0007716866675764322
428,chance,opportunity,-0.0006924478802829981
429,chance,ring,-0.0012872277293354273
430,change,laundering,-0.0007925567915663123
431,change,transforming,-0.0006183800869621336
432,change,yielding,-0.0007753011886961758
433,channel,sound,-0.0007165499264374375
434,chaos,death,-0.0011984837474301457
435,chapel,porch,-0.0008936218800954521
436,chapel,ruin,-0.0015526878414675593
437,charcoal,fuel,-0.0012825867161154747
438,charge,damage,-0.0007185403374023736
439,charge,sentence,-0.0007902065990492702
440,checked,checked,-0.0
441,cheer,musician,-0.0015187326353043318
442,cheese,food,-0.0006713744369335473
443,cheetah,flame,-0.0027397330850362778
444,chemical,intermediate,-0.0007865282241255045
445,chemistry,patient,-0.0007195624057203531
446,cherry,fruit,-0.0006384627195075154
447,cherry,grape,-0.0006404442829079926
448,cherry,lamb,-0.0007241965504363179
449,cherry,meat,-0.0008767129038460553
450,cherry,orange,-0.0005986887263134122
451,cherry,raspberry,-0.0026811507996171713
452,chess,family,-0.0010908149415627122
453,chess,toy,-0.0010286638280376792
454,chicken,lamb,-0.0006127131637185812
455,chicken,poultry,-0.0006241291994228959
456,chief,guru,-0.000623188738245517
457,child,lad,-0.0007184118148870766
458,child,street,-0.0007085084798745811
459,chile,plate,-0.0011546490713953972
460,chocolate,rock,-0.0007654278306290507
461,choice,option,-0.001220528269186616
462,chopper,poppy,-0.0010053820442408323
463,chord,play,-0.0008333260775543749
464,christmas,valentine,-0.001035584369674325
465,church,porch,-0.0005479209357872605
466,church,temple,-0.0005559918936342001
467,circle,oval,-0.0005746769602410495
468,circle,sport,-0.0013270147610455751
469,city,round,-0.0009112516418099403
470,city,ruin,-0.0007094148313626647
471,city,sidewalk,-0.0007192321354523301
472,city,square,-0.001126390416175127
473,city,urban,-0.0010420706821605563
474,class,sex,-0.0009195037418976426
475,cliff,coast,-0.0005064667784608901
476,cliff,harbour,-0.0008809426217339933
477,cliff,waterfall,-0.0005173907265998423
478,clinic,session,-0.0009627804975025356
479,clock,timer,-0.0007994860061444342
480,close,short,-0.0005396944470703602
481,closed,closed,-0.0
482,closed,state,-0.0013594790361821651
483,closed,up,-0.0004968642606399953
484,closing,closing,-0.0
485,closing,finale,-0.0009029657812789083
486,clothes,short,-0.0010636785300448537
487,cloud,energy,-0.0005681398906745017
488,club,hockey,-0.0006144955405034125
489,club,shirt,-0.0006646183901466429
490,clubhouse,pop,-0.001423413516022265
491,clue,parish,-0.0007628134335391223
492,coast,scenery,-0.000987704610452056
493,coast,sunk,-0.0006921406602486968
494,coast,zebra,-0.0006928978255018592
495,coat,resurfacing,-0.0032105413265526295
496,coat,roof,-0.0010768809588626027
497,cock,penis,-0.0005344178061932325
498,cocktail,garage,-0.0007193545461632311
499,cocktail,restaurant,-0.00046697381185367703
500,coffee,meeting,-0.0009459807770326734
501,coffee,tea,-0.0004913047305308282
502,coin,gold,-0.0007386527140624821
503,coin,silver,-0.0008795669418759644
504,coin,ticket,-0.0007801148458383977
505,cold,mist,-0.0007201072876341641
506,cold,rain,-0.0005839021760039032
507,cold,silver,-0.0006431652582250535
508,cold,sunny,-0.0005728951655328274
509,cold,sunshine,-0.0005599939613603055
510,cold,water,-0.000794704188592732
511,cold,weather,-0.0008427843567915261
512,cold,winter,-0.0005057200905866921
513,coldness,cool,-0.002041149651631713
514,collage,exhibition,-0.0017886388814076781
515,collage,paint,-0.001857768394984305
516,collage,sculpture,-0.0018063109600916505
517,collage,stream,-0.0020514868665486574
518,collapse,shock,-0.0006418161792680621
519,collar,tiger,-0.000709108542650938
520,collect,collect,-0.0
521,collect,scrape,-0.0008404828840866685
522,collection,library,-0.0005962893483228981
523,collection,packet,-0.0009002267033793032
524,color,quality,-0.0009222218650393188
525,color,wash,-0.0010717845289036632
526,colorful,outfit,-0.0007402212941087782
527,colorful,shot,-0.0009671073057688773
528,colorful,toy,-0.001471825293265283
529,colorful,wood,-0.0008842882816679776
530,colors,emblem,-0.0006078829173929989
531,colour,grey,-0.0008145043393597007
532,colour,shade,-0.0007685275631956756
533,comfort,relief,-0.0008839024812914431
534,comment,mention,-0.0009430189966224134
535,commercial,manufacture,-0.001305154524743557
536,commitment,guarantee,-0.0008394017932005227
537,communication,theater,-0.0009234437020495534
538,compact,short,-0.0016706797759979963
539,company,distributor,-0.001272297347895801
540,compartment,stalls,-0.0006937873549759388
541,compatible,software,-0.0009177615866065025
542,competes,race,-0.0007548988214693964
543,compound,enhance,-0.0006827774341218174
544,compound,whole,-0.0006311289616860449
545,computer,lab,-0.001291912398301065
546,computer,number,-0.0010849075624719262
547,computer,platform,-0.000822771224193275
548,computer,railway,-0.0011815731413662434
549,concentration,focus,-0.0007880376069806516
550,concert,jazz,-0.0005505237495526671
551,concert,sing,-0.0006443994352594018
552,concerts,settle,-0.0013428814709186554
553,conclusion,judgment,-0.0008009389275684953
554,conclusion,situation,-0.000511529971845448
555,concoct,request,-0.0022580164950340986
556,concrete,interior,-0.0006380554405041039
557,concrete,pin,-0.0010881435591727495
558,cone,palm,-0.0011303604114800692
559,congress,sex,-0.0008559044217690825
560,connection,keyboard,-0.0007338682189583778
561,consequences,position,-0.0009057659772224724
562,consistency,phase,-0.0012044673785567284
563,construction,downtown,-0.0006050762603990734
564,construction,interior,-0.0006814241642132401
565,contact,print,-0.0010442427592352033
566,control,driving,-0.000881755433510989
567,cooking,dessert,-0.0004775424604304135
568,cooking,eat,-0.0004889504052698612
569,cooking,food,-0.0006726695573888719
570,cooking,frozen,-0.0008256071014329791
571,cooking,salad,-0.0005575560498982668
572,cool,cool,-0.0
573,cool,jazz,-0.000855005404446274
574,cool,state,-0.0009185755043290555
575,cop,dirty,-0.000729351828340441
576,cop,music,-0.0008090508636087179
577,cop,ruin,-0.0008668200462125242
578,cord,eclipse,-0.00077328976476565
579,corn,pepper,-0.0004563342372421175
580,cost,price,-0.0008254717686213553
581,costume,halloween,-0.0005371940205805004
582,costume,radiation,-0.0009789667092263699
583,cottage,patio,-0.0007279097335413098
584,council,minister,-0.0005028038867749274
585,count,investigation,-0.0010776449926197529
586,count,number,-0.0005318210460245609
587,counter,furniture,-0.0010171642061322927
588,counter,negative,-0.0008906184229999781
589,couple,family,-0.0004973510513082147
590,couple,makeup,-0.0010170182213187218
591,couple,race,-0.0010587405413389206
592,cousin,relation,-0.0023516358342021704
593,cover,feather,-0.0007637803792022169
594,cover,sleeve,-0.000489944766741246
595,covering,skin,-0.0008926636655814946
596,cowboys,ranch,-0.0007582182879559696
597,crack,cracking,-0.0004804376803804189
598,cracking,noise,-0.0016929215053096414
599,cracking,sound,-0.0013109560823068023
600,craft,game,-0.0010823896154761314
601,crane,stair,-0.0009546206565573812
602,crash,swing,-0.0008033954072743654
603,creation,stitch,-0.0007988493307493627
604,credit,flap,-0.0007208781898953021
605,credit,foundation,-0.0008602009038440883
606,crew,unit,-0.0006705975974909961
607,critic,reviewers,-0.00069565384183079
608,crochet,family,-0.0029941145330667496
609,crochet,jewelry,-0.0027336326893419027
610,crochet,knitting,-0.0025800338480621576
611,cross,mug,-0.0008786688558757305
612,cross,post,-0.0005982473958283663
613,cross,pub,-0.000558431725949049
614,cross,shopping,-0.0008557474357075989
615,crush,push,-0.0013241200940683484
616,crush,split,-0.0010039531625807285
617,crystal,spiral,-0.0005920851253904402
618,cube,dice,-0.0007853382267057896
619,cup,handbag,-0.0021528087090700865
620,curb,smother,-0.002380225108936429
621,curb,train,-0.0008077636593952775
622,current,flow,-0.0013303793966770172
623,cut,gore,-0.0006305883289314806
624,cute,fashion,-0.0006911681848578155
625,cute,friend,-0.001025982666760683
626,cute,fun,-0.0006236235494725406
627,cute,haircut,-0.0016342189628630877
628,cylinder,pen,-0.0006944314227439463
629,daisy,foliage,-0.0005345696117728949
630,daisy,grass,-0.0005589171778410673
631,daisy,petal,-0.002165278187021613
632,dance,hotel,-0.0009503978071734309
633,dandelion,foliage,-0.003199376165866852
634,dandelion,grass,-0.0029646307229995728
635,dandelion,petal,-0.0010104464599862695
636,danger,status,-0.0007506485562771559
637,dark,flamingo,-0.001837154501117766
638,dark,pod,-0.0006300334935076535
639,dark,white,-0.000577430531848222
640,dashboard,protection,-0.0010579793015494943
641,daughter,graphic,-0.0010338593274354935
642,daughter,pub,-0.0007309587672352791
643,dawn,day,-0.0006285090930759907
644,day,glide,-0.0010279365815222263
645,day,horse,-0.0007684715674258769
646,day,independence,-0.0007951320731081069
647,day,night,-0.0008352199220098555
648,day,sunny,-0.0006963939522393048
649,day,sunset,-0.0008248676313087344
650,day,weather,-0.0006912395474500954
651,dead,sidewalk,-0.0007431283011101186
652,deaf,people,-0.0006417197873815894
653,death,funeral,-0.0006054217810742557
654,decision,option,-0.0013236236991360784
655,decoration,tulip,-0.00163420254830271
656,defeat,ending,-0.0007344221230596304
657,defeated,people,-0.0009523674380034208
658,degree,quantity,-0.0006658366764895618
659,demand,supply,-0.000661836180370301
660,demolition,interior,-0.0007785990601405501
661,demolition,skyscraper,-0.0005883543635718524
662,demolition,tall,-0.000826873816549778
663,desert,mountain,-0.0005869511514902115
664,deserve,merit,-0.0008127360488288105
665,deserve,want,-0.0005643063341267407
666,design,graphic,-0.0011934422655031085
667,design,orange,-0.0018288006540387869
668,designation,recognition,-0.0009331778273917735
669,designs,intend,-0.0015524700284004211
670,dessert,head,-0.0009278329089283943
671,dessert,salad,-0.0005444412236101925
672,determination,selection,-0.0006008151103742421
673,development,twist,-0.0010338003048673272
674,diamond,parade,-0.000996091985143721
675,diamond,short,-0.0006235254695639014
676,diamond,stencil,-0.0030551461968570948
677,difficulty,problem,-0.001515768002718687
678,digit,toe,-0.0005548903718590736
679,dilute,market,-0.0016473481664434075
680,dinner,sitting,-0.0007812029798515141
681,dinner,sleep,-0.0007816553697921336
682,direction,direction,-0.0
683,direction,traveling,-0.0013062648940831423
684,dirt,racing,-0.0012319693341851234
685,dirt,road,-0.000678418145980686
686,dirt,sand,-0.0007008930551819503
687,dirty,dude,-0.0005312754074111581
688,dirty,rabbit,-0.0005736647872254252
689,dirty,washing,-0.0007527567795477808
690,discharge,spread,-0.0011555691016837955
691,discipline,discipline,-0.0
692,disk,dot,-0.0017862351378425956
693,display,stick,-0.0006814603693783283
694,dissipate,isolate,-0.002917015226557851
695,distinction,sword,-0.0008007224532775581
696,distinguish,medal,-0.0007075047469697893
697,distinguish,sex,-0.0009152861894108355
698,disturbance,upset,-0.0007584489649161696
699,diversion,skiing,-0.000722949393093586
700,dock,herb,-0.0006843356532044709
701,dog,husky,-0.0006742361001670361
702,dog,secretary,-0.0010402783518657088
703,doll,new,-0.0011375565081834793
704,dome,interior,-0.0006286287680268288
705,dome,uniform,-0.0006828840705566108
706,donut,panda,-0.0017541308188810945
707,door,interior,-0.0006715593626722693
708,door,porch,-0.0007930683204904199
709,door,room,-0.0008987964829429984
710,downtown,field,-0.0007674380904063582
711,downtown,hockey,-0.0008042632834985852
712,downtown,ruin,-0.0009415098465979099
713,downtown,shopping,-0.0006757276714779437
714,downtown,subway,-0.00048038901877589524
715,drag,drawing,-0.0007496735779568553
716,dragon,drop,-0.001217678072862327
717,dragonfly,frog,-0.0023911301977932453
718,dragonfly,insect,-0.002392505295574665
719,draw,draw,-0.0
720,draw,entertainer,-0.0012835983652621508
721,dress,match,-0.0008447582949884236
722,dress,neckline,-0.0015912173548713326
723,dress,outfit,-0.0007484567468054593
724,dressing,patch,-0.0009169437689706683
725,drill,implement,-0.0007625152938999236
726,drink,turn,-0.0009294973569922149
727,dripping,hot,-0.001169014722108841
728,dripping,round,-0.0007686278549954295
729,dripping,wet,-0.000647570239380002
730,drive,drive,-0.0
731,drive,operate,-0.0012014451203867793
732,drop,drop,-0.0
733,drop,measure,-0.0008871664176695049
734,drop,sink,-0.0006660035578534007
735,dropping,dropping,-0.0
736,drought,time,-0.0007740685250610113
737,drug,reflection,-0.0011642166646197438
738,drug,sing,-0.001015363377518952
739,drug,wolf,-0.0008368410053662956
740,dude,fun,-0.0009254150209017098
741,dude,hanging,-0.0006423241575248539
742,dude,sitting,-0.0006303157424554229
743,dude,smile,-0.0005646055215038359
744,dusk,hummingbird,-0.002216779626905918
745,dusk,misty,-0.0006701735546812415
746,dye,kiss,-0.0008535348461009562
747,eagle,feather,-0.0007896457682363689
748,ear,organ,-0.0011202542809769511
749,earn,make,-0.001239882898516953
750,ease,relaxation,-0.0008127313340082765
751,ease,rest,-0.0007791016832925379
752,east,israel,-0.0007766555063426495
753,easter,preference,-0.0008560772403143346
754,eat,rabbit,-0.0008719306788407266
755,eat,soup,-0.0004538989160209894
756,eat,truck,-0.0011988080805167556
757,educated,learned,-0.0008716831216588616
758,effects,effects,-0.0
759,egg,lego,-0.000987268635071814
760,egg,nest,-0.0008435186464339495
761,egg,white,-0.0007447717944160104
762,eight,movement,-0.0009268418652936816
763,element,mixture,-0.0013055710587650537
764,element,situation,-0.0017149039776995778
765,elephant,giraffe,-0.0029435602482408285
766,emission,gum,-0.001090322621166706
767,endeavor,worst,-0.0007997482898645103
768,enemy,strike,-0.0008695760043337941
769,enforcing,execute,-0.0016371546080335975
770,engine,gasoline,-0.0013000851031392813
771,engineering,technology,-0.0007602146361023188
772,english,french,-0.0005803782260045409
773,enhanced,increased,-0.0009779403917491436
774,enjoy,suffering,-0.0006597419851459563
775,enterprise,industry,-0.0006311763427220285
776,entrance,registration,-0.0007514784811064601
777,equipment,seat,-0.0009716149070300162
778,escalator,railway,-0.002777810674160719
779,escalator,redhead,-0.003146363189443946
780,establishment,establishment,-0.0
781,evaluate,forecast,-0.0017291539115831256
782,evening,fun,-0.0007722239824943244
783,evening,night,-0.0006302666733972728
784,evening,time,-0.0007937436457723379
785,event,influence,-0.0009098215377889574
786,evidence,format,-0.0009793014032766223
787,evidence,record,-0.0009304455597884953
788,evil,worst,-0.0013392948312684894
789,evolution,publicity,-0.0011515672085806727
790,examination,quiz,-0.000779273803345859
791,executive,organization,-0.0005589316133409739
792,exhibit,parade,-0.0008157751872204244
793,exhibition,painting,-0.0005389816360548139
794,exhibition,soup,-0.0011859240476042032
795,expect,think,-0.0007678433903492987
796,expectation,possibility,-0.0015983518678694963
797,expedition,mystery,-0.0007085525430738926
798,explosion,stencil,-0.0030535575933754444
799,express,mail,-0.0006974473362788558
800,extending,increase,-0.0007707103504799306
801,extort,school,-0.0019198163645341992
802,eye,face,-0.0007157579530030489
803,eye,lip,-0.0006331187905743718
804,eye,sky,-0.0005921416450291872
805,fabric,lace,-0.0005262402119114995
806,fabric,sail,-0.0006659940117970109
807,face,stop,-0.0006925489869900048
808,face,tear,-0.0007239097030833364
809,fair,midway,-0.001154256984591484
810,family,town,-0.0004530796722974628
811,fantasy,fiction,-0.000508421566337347
812,fantasy,recycling,-0.0010049868142232299
813,farm,wind,-0.0006485205376520753
814,farmer,individual,-0.0006781982956454158
815,fashion,handwriting,-0.000744614633731544
816,fashion,outfit,-0.0006312500918284059
817,fauna,toy,-0.0012927558273077011
818,fbi,investigation,-0.0005529765621758997
819,fear,fear,-0.0
820,feather,flamingo,-0.0017982787685468793
821,feather,grey,-0.00073195033473894
822,feather,hummingbird,-0.002024083398282528
823,feather,mallard,-0.001854918198660016
824,feather,nest,-0.0009849906200543046
825,feather,sunflower,-0.0020159839186817408
826,feedback,flow,-0.000526692601852119
827,feel,friend,-0.000921107130125165
828,feel,stop,-0.0008578264387324452
829,feel,tear,-0.0006572838174179196
830,feline,kitten,-0.0023390427231788635
831,feline,kitty,-0.002236579079180956
832,feline,nut,-0.0017949044704437256
833,feline,pumpkin,-0.0019540772773325443
834,feline,reptile,-0.00040244654519483447
835,female,old,-0.0006815323722548783
836,female,square,-0.0008978029945865273
837,festival,gate,-0.0008569278288632631
838,festival,music,-0.0005344278761185706
839,fiction,romance,-0.0007100687944330275
840,field,handle,-0.0010434628929942846
841,field,play,-0.0006217427435331047
842,field,science,-0.0007283971644937992
843,fighting,resist,-0.0010863908100873232
844,filing,formations,-0.001031233579851687
845,filled,filled,-0.0
846,find,occurrence,-0.0007505377870984375
847,fine,precise,-0.000541064131539315
848,finger,toe,-0.0007022733916528523
849,fingerprint,football,-0.0022324756719172
850,fire,flame,-0.0007499955245293677
851,fish,fishing,-0.00035128294257447124
852,fishing,shore,-0.0005554139497689903
853,fishing,word,-0.0007555679185315967
854,five,month,-0.0009452466038055718
855,flame,peacock,-0.0009177120518870652
856,flame,reaction,-0.0007414094288833439
857,flat,housing,-0.0008072768687270582
858,fleet,travel,-0.0006013989332132041
859,flight,plane,-0.0005484294379130006
860,flight,shoot,-0.0008284026407636702
861,flood,flood,-0.0
862,flood,line,-0.0006955318967811763
863,floor,interior,-0.00042310135904699564
864,floor,stair,-0.0006060512387193739
865,flour,garlic,-0.0005114545929245651
866,flower,foliage,-0.0009663593373261392
867,flower,garden,-0.0006114028510637581
868,flower,lily,-0.0011129480553790927
869,flower,petal,-0.0017217006534337997
870,flower,spring,-0.0006237046327441931
871,flower,yellow,-0.0007524727843701839
872,flush,good,-0.0010899519547820091
873,flyer,justice,-0.00100958242546767
874,fog,mist,-0.0006556158186867833
875,fog,sunny,-0.0005916634690947831
876,foliage,fruit,-0.0006676389602944255
877,foliage,garden,-0.0008139837882481515
878,foliage,moss,-0.00046493925037793815
879,foliage,pink,-0.0007606668514199555
880,foliage,purple,-0.0006187727558426559
881,foliage,violet,-0.0005100506823509932
882,followed,tailgate,-0.0024863826110959053
883,follower,planet,-0.0009510674863122404
884,follower,satellite,-0.0010006680386140943
885,food,medium,-0.0008161643054336309
886,foot,mural,-0.0009266094421036541
887,foot,outdoor,-0.0006965600186958909
888,foot,toe,-0.0004943443927913904
889,football,justice,-0.001092771184630692
890,footprint,scooter,-0.002690528053790331
891,ford,valley,-0.0011439076624810696
892,foreign,nation,-0.0005751184071414173
893,forest,frog,-0.000601432635448873
894,forest,ground,-0.0006067518843337893
895,format,packaging,-0.0009650588617660105
896,formation,perceive,-0.0007605865830555558
897,formation,perform,-0.0008474646019749343
898,forward,player,-0.0007437755702994764
899,forward,position,-0.0005592126399278641
900,forward,transport,-0.0008178680436685681
901,foundation,support,-0.0006908526411280036
902,fountain,marble,-0.0006585820228792727
903,free,skin,-0.0007395670400001109
904,frost,lily,-0.000647524546366185
905,frost,weather,-0.0008826395496726036
906,frozen,shop,-0.0008426466956734657
907,frozen,soup,-0.0007159342058002949
908,fruit,orange,-0.0005111143691465259
909,fruit,product,-0.0014556657988578081
910,fruit,strawberry,-0.0006115272408351302
911,fruit,sunflower,-0.0021674293093383312
912,fun,haircut,-0.0016019949689507484
913,fun,happy,-0.0011432785540819168
914,fungi,insect,-0.0005186765338294208
915,fungi,mushroom,-0.0004985189298167825
916,furnish,impress,-0.0024308606516569853
917,furnishing,jumper,-0.0023770134430378675
918,gallery,journal,-0.0008557335822843015
919,gamble,pyramid,-0.0006022933521308005
920,game,playoff,-0.0007654391229152679
921,garage,kitchen,-0.0005862605758011341
922,garage,opener,-0.0008060967666096985
923,garbage,lunch,-0.0008720614714547992
924,gardens,sink,-0.0007638621609658003
925,gardens,tend,-0.0010694860247895122
926,gas,neon,-0.0010338046122342348
927,gas,sewer,-0.0006668769055977464
928,gasoline,town,-0.0006637454498559237
929,gauge,meter,-0.0007268493063747883
930,gem,quartz,-0.0007095370092429221
931,germany,worst,-0.0008197593851946294
932,get,regained,-0.0005221546743996441
933,get,start,-0.0008337697945535183
934,giraffe,mist,-0.0026515985373407602
935,giraffe,zebra,-0.002920199418440461
936,giraffe,zoo,-0.0029615869279950857
937,girl,sexy,-0.0006648788694292307
938,glove,wear,-0.0006943705957382917
939,goose,outfit,-0.0008179407450370491
940,government,immunity,-0.0007914700545370579
941,governor,office,-0.000658314093016088
942,graduate,graduate,-0.0
943,grape,wine,-0.0005909872124902904
944,graphic,roof,-0.0008549120393581688
945,grass,ski,-0.0010816992726176977
946,grass,skull,-0.0007753857062198222
947,grass,stop,-0.0006935083656571805
948,grave,memorial,-0.0007082641823217273
949,grave,santa,-0.0007835334399715066
950,grave,shore,-0.000915186305064708
951,graveyard,ruin,-0.0005732024437747896
952,gray,property,-0.0010859291069209576
953,greater,greater,-0.0
954,greater,large,-0.0006189419655129313
955,green,number,-0.0011693025007843971
956,green,yellow,-0.00043132362770847976
957,greeting,receptions,-0.0007058354094624519
958,grey,pink,-0.0006172842695377767
959,grey,rusty,-0.0007467714603990316
960,grey,white,-0.0003683918621391058
961,guardian,livestock,-0.0008390305447392166
962,gulf,ms,-0.0006787614547647536
963,gun,picture,-0.0007502559456042945
964,guy,idea,-0.0009357441449537873
965,guy,kid,-0.0004101464292034507
966,guy,kiss,-0.000719754840247333
967,guy,people,-0.0006403031875379384
968,guy,poodle,-0.0022052861750125885
969,guy,sitting,-0.0006321984110400081
970,guy,smile,-0.0005760667845606804
971,guy,stand,-0.0007893418660387397
972,guy,tear,-0.0008126238826662302
973,hail,judge,-0.0007703364244662225
974,hair,redhead,-0.0008765011443756521
975,hair,stencil,-0.002702217549085617
976,hair,wig,-0.000691621913574636
977,hand,left,-0.0006864844472147524
978,handle,shop,-0.0008217784925363958
979,handle,terrier,-0.0019664561841636896
980,hanging,smile,-0.0005977186374366283
981,happy,licking,-0.0006240218062885106
982,happy,mom,-0.0007489504641853273
983,happy,post,-0.0008459740201942623
984,happy,sleep,-0.0007624913123436272
985,happy,stand,-0.000891961099114269
986,happy,stop,-0.0006834407104179263
987,happy,time,-0.0008674986311234534
988,harbor,sea,-0.000715818430762738
989,harbor,sunk,-0.0007276113610714674
990,harbour,ship,-0.0006533668492920697
991,harbour,shore,-0.0008881817921064794
992,hard,zoo,-0.0007443125359714031
993,hat,jacket,-0.0004985723062418401
994,hat,jean,-0.0006432743975892663
995,hat,peel,-0.0005897695664316416
996,hat,role,-0.0010948680574074388
997,health,welfare,-0.0007038309704512358
998,heart,wing,-0.0009946789359673858
999,heater,stove,-0.001938274479471147
1000,heel,stack,-0.0014204932376742363
1001,held,nest,-0.0005822950624860823
1002,helix,spiral,-0.0006187913240864873
1003,highway,road,-0.0004396246513351798
1004,hill,horizon,-0.0009207858238369226
1005,hill,mountain,-0.00075234827818349
1006,hill,scenery,-0.0006740936660207808
1007,history,recital,-0.0006572158308699727
1008,hit,tourist,-0.000973171554505825
1009,hockey,ice,-0.0006549104582518339
1010,hockey,play,-0.0007256296812556684
1011,holiday,travel,-0.0007412104750983417
1012,home,smoking,-0.0006204273086041212
1013,honest,sincere,-0.00046676103374920785
1014,hood,protection,-0.0009397910325787961
1015,hope,psychology,-0.001142855267971754
1016,horizon,sky,-0.0007220342522487044
1017,horizontal,surface,-0.0013252717908471823
1018,hostility,war,-0.0015015071257948875
1019,hot,hot,-0.0
1020,hot,sunny,-0.0010374204721301794
1021,hotel,kill,-0.0008722699712961912
1022,hotel,library,-0.0008136597461998463
1023,hotel,oak,-0.0006843517767265439
1024,house,staircase,-0.0006626493413932621
1025,house,windmill,-0.0006618172046728432
1026,housing,vault,-0.0006472257664427161
1027,hummingbird,rodent,-0.0005537273827940226
1028,husky,painting,-0.0011687827063724399
1029,image,visualize,-0.0012560597388073802
1030,impressive,striking,-0.0008438765653409064
1031,industrial,lake,-0.0006739014643244445
1032,information,target,-0.000975821923930198
1033,infrastructure,structure,-0.0006987727829255164
1034,initial,letter,-0.0008289036923088133
1035,injury,wrong,-0.0012772761983796954
1036,ink,liquid,-0.0005463954876177013
1037,ink,organ,-0.0006613089935854077
1038,insect,lizard,-0.0005443517002277076
1039,installation,zoo,-0.001304460340179503
1040,instruction,lesson,-0.0011362212244421244
1041,interest,lien,-0.001950021949596703
1042,interior,object,-0.0013278445694595575
1043,interior,paint,-0.0005916758091188967
1044,interior,roof,-0.0005787755362689495
1045,interior,staircase,-0.0006223873933777213
1046,interior,tall,-0.0011136409593746066
1047,interpretation,twist,-0.0010942629305645823
1048,intrigue,romance,-0.0020028867293149233
1049,inventory,listing,-0.0008302101632580161
1050,invite,requests,-0.0008446854772046208
1051,ipod,rope,-0.0013558389618992805
1052,iron,robust,-0.000812952988781035
1053,israel,israeli,-0.000339663092745468
1054,israel,terror,-0.0006124322535470128
1055,issue,up,-0.0011908926535397768
1056,ivy,oak,-0.0007311016670428216
1057,jaguar,storm,-0.0007339664734899998
1058,jamaica,queens,-0.0008425374981015921
1059,jazz,play,-0.0007918046903796494
1060,jean,shirt,-0.0008423932013101876
1061,jean,washing,-0.0008141723228618503
1062,jellyfish,punk,-0.0016878355527296662
1063,jellyfish,texture,-0.0018704762915149331
1064,joke,message,-0.0013649077154695988
1065,journal,writing,-0.0007320313015952706
1066,judgment,sense,-0.0007926909020170569
1067,jump,stitch,-0.0008410139125771821
1068,jump,uniform,-0.0009784604189917445
1069,jury,school,-0.0006288482691161335
1070,justice,official,-0.0010542020900174975
1071,juvenile,rope,-0.0006060200976207852
1072,key,misty,-0.0014364947564899921
1073,key,motor,-0.0007351926760748029
1074,keyboard,soldier,-0.0013351176166906953
1075,kidnapped,shanghai,-0.0011329887202009559
1076,kill,sacrifice,-0.0006072245305404067
1077,kill,shot,-0.0006536314613185823
1078,kind,soft,-0.0006080432212911546
1079,kiss,rusty,-0.0009941281750798225
1080,kitchen,sleep,-0.0007607160368934274
1081,kitchen,stair,-0.0008381428779102862
1082,kitchen,washing,-0.0004974384210072458
1083,kitten,kitty,-0.0005192168173380196
1084,knock,tap,-0.0005784322856925428
1085,lad,wizard,-0.0014318760950118303
1086,lady,sexy,-0.0009720687521621585
1087,lake,scenery,-0.0008015091880224645
1088,lake,town,-0.0007900221971794963
1089,lamb,lantern,-0.000888673821464181
1090,lamb,number,-0.0010046283714473248
1091,lamb,snow,-0.0006425387691706419
1092,landscape,mountain,-0.0010008394019678235
1093,landscape,stadium,-0.0009218895575031638
1094,lantern,oak,-0.0007793582044541836
1095,lapse,suspension,-0.0011938927927985787
1096,last,last,-0.0
1097,last,senior,-0.0006884370232000947
1098,laundering,machine,-0.0012090338859707117
1099,law,mosaic,-0.0008208680665120482
1100,lawn,sleep,-0.0007287345943041146
1101,layer,region,-0.001127377967350185
1102,leaf,nature,-0.0008019644883461297
1103,lean,rest,-0.0007157174404710531
1104,leap,second,-0.0009032816160470247
1105,learned,learned,-0.0
1106,leather,pouch,-0.0007477730396203697
1107,leather,sunshine,-0.001115508028306067
1108,leave,pass,-0.00098226813133806
1109,left,morning,-0.0012315711937844753
1110,left,walk,-0.0006971571128815413
1111,lego,rodent,-0.0014395657926797867
1112,lever,machine,-0.0006348646711558104
1113,lever,open,-0.001485758344642818
1114,licking,marble,-0.001139519619755447
1115,licking,pier,-0.0012485585175454617
1116,licking,puppy,-0.0005078526446595788
1117,licking,rusty,-0.0007145375711843371
1118,licking,sitting,-0.0005882247933186591
1119,lie,line,-0.0010477568721398711
1120,lie,sun,-0.0014166801702231169
1121,light,shadow,-0.0006026222836226225
1122,light,sleep,-0.0006650732248090208
1123,light,sunlight,-0.0006778489332646132
1124,lighthouse,wall,-0.001237473450601101
1125,lighting,man,-0.0009879418648779392
1126,lighting,stone,-0.0006823842995800078
1127,lily,plant,-0.0008842197712510824
1128,lily,purple,-0.000713889894541353
1129,lily,tulip,-0.002493963111191988
1130,limb,limb,-0.0
1131,line,street,-0.0007460499182343483
1132,lion,square,-0.0009545094799250364
1133,list,position,-0.0006637697224505246
1134,list,post,-0.0009453485254198313
1135,list,shopping,-0.0010399308521300554
1136,listing,organization,-0.0008577569969929755
1137,live,stitch,-0.0009422721341252327
1138,location,space,-0.0017022030660882592
1139,lock,mannequin,-0.0025147837586700916
1140,looking,sightseeing,-0.002845483599230647
1141,loss,reducing,-0.0007799305603839457
1142,love,romance,-0.0005540061392821372
1143,lower,sustain,-0.000867383845616132
1144,lunch,morning,-0.0006291050231084228
1145,lunch,sunny,-0.001056598499417305
1146,machine,pond,-0.0014957995153963566
1147,machine,sketch,-0.0012043332681059837
1148,machine,washing,-0.0013360814191401005
1149,magnitude,size,-0.0007712203077971935
1150,magnolia,maple,-0.0005686219083145261
1151,maker,manufacturer,-0.001356791122816503
1152,makeup,people,-0.0010486382525414228
1153,male,man,-0.0006745927967131138
1154,manufacture,up,-0.0017113949870690703
1155,map,sewing,-0.0014225738123059273
1156,map,video,-0.0009067287901416421
1157,maple,oak,-0.0006483335746452212
1158,marble,postcard,-0.0018977598519995809
1159,marble,sing,-0.0010029252152889967
1160,market,shop,-0.0007863030768930912
1161,market,sweeten,-0.0016369234072044492
1162,mars,water,-0.0008556155953556299
1163,mask,roof,-0.0009860778227448463
1164,match,matchstick,-0.0015663555823266506
1165,match,play,-0.0006167355459183455
1166,matter,text,-0.0008232471300289035
1167,mayor,villa,-0.000665351573843509
1168,meal,rice,-0.0005124175222590566
1169,means,tool,-0.001160373562015593
1170,measure,twist,-0.0011841983068734407
1171,meat,moon,-0.0012076995335519314
1172,meat,potato,-0.00041924859397113323
1173,meat,soup,-0.00048612573300488293
1174,medium,organization,-0.0008224773919209838
1175,melody,music,-0.0008164723985828459
1176,memorial,rope,-0.0012672656448557973
1177,memory,operation,-0.0008853173349052668
1178,metro,rail,-0.00048578213318251073
1179,metro,train,-0.0005561074940487742
1180,military,reflection,-0.001292436383664608
1181,military,wasp,-0.0007197953527793288
1182,mill,wild,-0.0012506108032539487
1183,mill,windmill,-0.0008375890902243555
1184,miniature,paint,-0.0007294499082490802
1185,miniature,painting,-0.0006411049398593605
1186,minister,work,-0.0010055992752313614
1187,mirror,raspberry,-0.002512311562895775
1188,mist,sky,-0.0005886920844204724
1189,mist,sunny,-0.0008108728798106313
1190,misty,sky,-0.0012251733569428325
1191,misty,snow,-0.0008825413533486426
1192,misty,sunny,-0.0005996875115670264
1193,misty,sunrise,-0.0005920784897170961
1194,misty,sunshine,-0.0006222290685400367
1195,model,toe,-0.002012747572734952
1196,mole,spy,-0.0006485622143372893
1197,moment,thief,-0.0010352981043979526
1198,money,pile,-0.0008638033177703619
1199,money,quota,-0.000722547119949013
1200,monster,rock,-0.0006667773704975843
1201,month,year,-0.0005512209609150887
1202,moon,mushroom,-0.000951013236772269
1203,morning,sunrise,-0.0012972562108188868
1204,morning,sunshine,-0.001252004411071539
1205,mortal,mother,-0.0010972607415169477
1206,moss,plant,-0.000770655635278672
1207,mother,mother,-0.0
1208,mother,mother-in-law,-0.0033733779564499855
1209,mother,pregnant,-0.0006037357379682362
1210,mother,yeast,-0.0009410303318873048
1211,motion,step,-0.0009135167929343879
1212,motto,volunteer,-0.0008003237890079618
1213,mouth,tongue,-0.0004369651433080435
1214,move,shifting,-0.0007756263366900384
1215,move,spread,-0.0007924817036837339
1216,move,swell,-0.0007716433028690517
1217,mozart,wagner,-0.0006944229826331139
1218,museum,swim,-0.0009458483546040952
1219,music,musician,-0.0011935943039134145
1220,music,print,-0.0009054507245309651
1221,music,track,-0.000627933710347861
1222,musical,solo,-0.0006998305325396359
1223,nail,rusty,-0.0006969276000745595
1224,nation,spanish,-0.0007850516121834517
1225,native,rhodes,-0.0007006987580098212
1226,necklace,snow,-0.0007392733823508024
1227,nest,wasp,-0.00106351962313056
1228,noodle,pigeon,-0.0019635313656181097
1229,novel,story,-0.00048045971198007464
1230,nude,painting,-0.000995180569589138
1231,nurse,nurse,-0.0
1232,nut,sunflower,-0.001785147818736732
1233,observation,radio,-0.0007161311223171651
1234,observe,violating,-0.0009576980373822153
1235,obvious,plain,-0.0006116224685683846
1236,obvious,room,-0.0010078625055029988
1237,occasion,second,-0.000783103343565017
1238,occupation,place,-0.000615203520283103
1239,ocean,pacific,-0.0004825455544050783
1240,ocean,underwater,-0.0007123940158635378
1241,ocean,water,-0.000796506879851222
1242,old,race,-0.0011789642740041018
1243,old,seat,-0.000991446664556861
1244,operation,operation,-0.0
1245,opinion,sentiment,-0.0009027963387779891
1246,orange,peel,-0.0005602831952273846
1247,orange,raspberry,-0.002867255825549364
1248,orange,shop,-0.0008555310196243227
1249,origami,stadium,-0.0026288346853107214
1250,origin,root,-0.0007082180236466229
1251,out,sent,-0.0009171784040518105
1252,outdoor,pool,-0.0005841419915668666
1253,outdoor,swimming,-0.0006540369358845055
1254,outfit,sign,-0.0007843513740226626
1255,outfit,sock,-0.0007957668276503682
1256,overflow,sewer,-0.001965171657502651
1257,pain,suffering,-0.0006032816600054502
1258,paint,picture,-0.0005999552668072283
1259,paint,portrait,-0.0007818772573955357
1260,painting,sculpture,-0.00041453191079199314
1261,palace,ruin,-0.00046991006820462644
1262,panorama,scenery,-0.0005584190366789699
1263,panorama,view,-0.0009174206061288714
1264,panorama,zoo,-0.0008802904631011188
1265,paper,railway,-0.000746742996852845
1266,paper,vine,-0.0010944431414827704
1267,papers,security,-0.0011872288305312395
1268,park,parking,-0.0009122785413637757
1269,part,relation,-0.0020759273320436478
1270,party,seat,-0.0009519189479760826
1271,pass,ticket,-0.0007291010697372258
1272,pass,topping,-0.000733317865524441
1273,passage,quotation,-0.0020735133439302444
1274,passing,passing,-0.0
1275,path,star,-0.0009120344766415656
1276,patio,sleep,-0.0008109210757538676
1277,patio,stair,-0.0007742655579932034
1278,patio,staircase,-0.0005772578879259527
1279,patio,woman,-0.0008802706724964082
1280,pavilion,terrace,-0.0004582385008689016
1281,paw,theatre,-0.0010536668123677373
1282,peel,skin,-0.0007375272689387202
1283,pennsylvania,writer,-0.000861828273627907
1284,people,wounded,-0.0012369782198220491
1285,pepper,potato,-0.0005230687675066292
1286,pepper,tomato,-0.0007839514291845262
1287,person,tiger,-0.0007810862152837217
1288,personnel,police,-0.0007137173670344055
1289,persuasion,weapon,-0.0017046969151124358
1290,petal,shade,-0.0018176872981712222
1291,photo,photography,-0.0005399884539656341
1292,photograph,still,-0.0012637097388505936
1293,photographer,portrait,-0.0007445071823894978
1294,photographer,wedding,-0.0007462555076926947
1295,piano,wolf,-0.0012739789672195911
1296,pigeon,round,-0.0006515532149933279
1297,pillow,stone,-0.0007089899154379964
1298,pink,skirt,-0.0005866870633326471
1299,pink,white,-0.0005172138335183263
1300,place,place,-0.0
1301,place,siphon,-0.0025525600649416447
1302,plain,report,-0.0009560254984535277
1303,plant,seed,-0.0005296797025948763
1304,plant,skate,-0.0010845753131434321
1305,play,rail,-0.0006976759759709239
1306,play,sign,-0.0006249350844882429
1307,play,thousand,-0.0010687846224755049
1308,player,slave,-0.0008201932650990784
1309,pledge,promise,-0.0011516059748828411
1310,plot,strategy,-0.0008974492666311562
1311,point,second,-0.0014549518236890435
1312,point,spot,-0.001637305598706007
1313,point,tennis,-0.0014013740001246333
1314,point,trouble,-0.0018081186572089791
1315,poll,poll,-0.0
1316,pond,water,-0.0007286132895387709
1317,poodle,puppy,-0.0022725544404238462
1318,poodle,terrier,-0.0005334995221346617
1319,pool,relax,-0.0006458352436311543
1320,porch,roof,-0.0006304424605332315
1321,porch,scooter,-0.002443324076011777
1322,porch,staircase,-0.00041652374784462154
1323,portrait,underground,-0.0010573125910013914
1324,potato,rice,-0.00040704768616706133
1325,president,president,-0.0
1326,price,price,-0.0
1327,principle,principle,-0.0
1328,privilege,rich,-0.0011389486026018858
1329,production,production,-0.0
1330,profiling,racism,-0.0019124466925859451
1331,protection,roof,-0.0010193231282755733
1332,protest,tile,-0.0010039744665846229
1333,publish,show,-0.0006965598440729082
1334,pug,puppy,-0.0020430332515388727
1335,punk,vinyl,-0.000853314355481416
1336,puppy,skyline,-0.0007204229477792978
1337,purple,violet,-0.0004870423290412873
1338,pyramid,speculation,-0.0005860047531314194
1339,quality,romance,-0.0008601878653280437
1340,queen,queen,-0.0
1341,race,racing,-0.0003101027978118509
1342,race,square,-0.0008540360722690821
1343,radical,role,-0.0007491190917789936
1344,rail,train,-0.0005076602683402598
1345,railroad,underground,-0.0008779490599408746
1346,railway,station,-0.0006569185643456876
1347,rain,wet,-0.000497834465932101
1348,raise,shoulders,-0.0006159389740787446
1349,raising,upbringing,-0.0006459318683482707
1350,raspberry,sweet,-0.0028348921332508326
1351,read,reading,-0.0008535493398085237
1352,rebel,soldier,-0.0005897242808714509
1353,rebel,young,-0.0007728549535386264
1354,recognize,succeed,-0.0005666515207849443
1355,record,score,-0.0006649135611951351
1356,record,write,-0.0012420377461239696
1357,red,shade,-0.0006157099851407111
1358,red,stripe,-0.000509798526763916
1359,redhead,rusty,-0.0005777770420536399
1360,relax,sitting,-0.0007006815285421908
1361,relief,total,-0.0006675246986560524
1362,religion,remedy,-0.000654502771794796
1363,religion,trinity,-0.0007267183973453939
1364,report,study,-0.000757083878852427
1365,reptile,vacation,-0.0025733672082424164
1366,reservation,reservation,-0.0
1367,resistance,resistance,-0.0
1368,reverse,reverse,-0.0
1369,rice,yellow,-0.0006409324123524129
1370,ripple,shadow,-0.0007363245240412652
1371,ripple,wave,-0.001517336000688374
1372,river,valley,-0.0004276502877473831
1373,river,waterfall,-0.0005600620061159134
1374,robbery,rolling,-0.0009010312496684492
1375,rod,rod,-0.0
1376,role,title,-0.0007754521211609244
1377,rolling,sound,-0.0013374458067119122
1378,room,sitting,-0.0007127107819542289
1379,root,stem,-0.0006630230927839875
1380,rope,shore,-0.0007055288297124207
1381,rose,rose,-0.0
1382,round,shape,-0.0007130670710466802
1383,row,terrace,-0.0009046316845342517
1384,rub,wipe,-0.0007060010102577507
1385,ruin,stone,-0.0007544810068793595
1386,ruin,town,-0.0005627908394671977
1387,running,sprint,-0.0007464175578206778
1388,rusty,shade,-0.0008441648096777499
1389,rusty,stand,-0.0008350008865818381
1390,saddle,soap,-0.0012887610355392098
1391,sail,sheet,-0.0007969102589413524
1392,sailing,sunk,-0.0005939732072874904
1393,sake,shade,-0.0006392198265530169
1394,satellite,solar,-0.0005286794621497393
1395,scenery,trail,-0.0008136596879921854
1396,school,welsh,-0.0009096288704313338
1397,sea,shore,-0.001148310024291277
1398,sea,submarine,-0.00046021296293474734
1399,sea,water,-0.0008073787321336567
1400,season,winter,-0.0006857324042357504
1401,seize,take,-0.0008758732001297176
1402,series,string,-0.0009075331618078053
1403,sex,sex,-0.0
1404,sexy,smile,-0.001121730194427073
1405,shade,tree,-0.0006821759161539376
1406,shade,whale,-0.0007633573841303587
1407,shadow,sunlight,-0.0007958849309943616
1408,shape,square,-0.0005930365878157318
1409,sheet,sheet,-0.0
1410,shining,work,-0.0014340318739414215
1411,ship,spouse,-0.0010196731891483068
1412,shirt,tiger,-0.000841811066493392
1413,shopping,store,-0.0004982916289009154
1414,shore,swim,-0.0005629771039821208
1415,shore,town,-0.0004970740992575884
1416,shore,valley,-0.0004768772632814944
1417,short,trading,-0.000765208387747407
1418,sight,vision,-0.0007157484069466591
1419,sign,sign,-0.0
1420,silence,still,-0.0007767363567836583
1421,single,sole,-0.0005235015996731818
1422,sitting,sleep,-0.000657751748804003
1423,situation,things,-0.0005936145898886025
1424,skate,vehicle,-0.0008131952490657568
1425,skating,sticker,-0.0018570211250334978
1426,skin,skin,-0.0
1427,sky,sunlight,-0.0009027543710544705
1428,skyline,view,-0.001345718977972865
1429,slash,stroke,-0.0007633917848579586
1430,slave,worker,-0.0006392294890247285
1431,sleeping,waking,-0.0007192813791334629
1432,small,valley,-0.0006320046377368271
1433,small,village,-0.0008268319652415812
1434,smile,time,-0.000780617177952081
1435,smile,view,-0.0015215784078463912
1436,smile,walk,-0.0005649339873343706
1437,smoking,sunny,-0.0006322649423964322
1438,snap,touch,-0.0010071761207655072
1439,sock,stocking,-0.0018801820697262883
1440,solstice,summer,-0.002808881690725684
1441,song,vocal,-0.0005660321330651641
1442,speech,word,-0.0005716420710086823
1443,spin,sweat,-0.0015078447759151459
1444,spiral,staircase,-0.0008305321680381894
1445,spread,spread,-0.0
1446,square,town,-0.0008485726430080831
1447,stamp,weave,-0.0008039454696699977
1448,stand,tear,-0.0007764812908135355
1449,stand,walk,-0.0006001571309752762
1450,star,star,-0.0
1451,star,storm,-0.0007994628394953907
1452,steel,wing,-0.000715088564902544
1453,step,travel,-0.0006627661059610546
1454,step,walk,-0.0004883897490799427
1455,step,wind,-0.0006517510046251118
1456,sticker,track,-0.0019178214715793729
1457,stock,stock,-0.0
1458,storm,thunderstorm,-0.0020319854374974966
1459,straight,stretch,-0.000659156299661845
1460,strains,trouble,-0.0007370009552687407
1461,stream,waterfall,-0.0007281031575985253
1462,stripe,train,-0.0007486366666853428
1463,stripe,violet,-0.0006025213515385985
1464,subway,underground,-0.0006463371682912111
1465,subway,valentine,-0.000698853109497577
1466,sun,sun,-0.0
1467,sun,sunburst,-0.0027558167930692434
1468,sun,sunlight,-0.00045379926450550556
1469,sun,sunshine,-0.0005221918690949678
1470,sunlight,thriller,-0.0008742446661926806
1471,sunny,weather,-0.000969407323282212
1472,sunny,wet,-0.0007180890534073114
1473,sunshine,weather,-0.0009428348275832832
1474,support,trace,-0.0008461701218038797
1475,surface,territory,-0.0012923423200845718
1476,surfer,wave,-0.0011801536893472075
1477,tall,wool,-0.0007845769287087023
1478,tenure,term,-0.0004899433115497231
1479,thing,thing,-0.0
1480,ticket,writing,-0.000814596307463944
1481,tops,tops,-0.0
1482,touch,upset,-0.0009472875390201807
1483,tour,travel,-0.0008036608342081308
1484,traffic,traffic,-0.0
1485,train,train,-0.0
1486,travel,travel,-0.0
1487,travel,wandering,-0.0006362046697176993
1488,tunnel,underground,-0.0006289880839176476
1489,type,write,-0.0008793830056674778
1490,valley,village,-0.0006801359122619033
1491,van,vine,-0.0006421688012778759
1492,violet,white,-0.0005147986812517047
1493,violet,yellow,-0.0004894695593975484
1494,washer,worker,-0.001789077534340322
1495,water,water,-0.0
1496,ways,ways,-0.0
1497,weather,winter,-0.0007331229280680418
1498,wednesday,weekday,-0.0007414381252601743
1499,word,word,-0.0
